<?xml version="1.0" encoding="UTF-8"?>
<project-private xmlns="http://www.netbeans.org/ns/project-private/1">
    <editor-bookmarks xmlns="http://www.netbeans.org/ns/editor-bookmarks/2" lastBookmarkId="0"/>
    <open-files xmlns="http://www.netbeans.org/ns/projectui-open-files/2">
        <group>
            <file>file:/C:/Users/Ste/Desktop/questionario-master/Questionario/web/dati.jsp</file>
            <file>file:/C:/Users/Ste/Desktop/questionario-master/Questionario/src/java/Archivio/UtenteDAO.java</file>
            <file>file:/C:/Users/Ste/Desktop/questionario-master/Questionario/web/registra.jsp</file>
            <file>file:/C:/Users/Ste/Desktop/questionario-master/Questionario/src/java/Archivio/Utente.java</file>
            <file>file:/C:/Users/Ste/Desktop/questionario-master/Questionario/web/login.jsp</file>
            <file>file:/C:/Users/Ste/Desktop/questionario-master/Questionario/web/index.jsp</file>
            <file>file:/C:/Users/Ste/Desktop/questionario-master/Questionario/src/java/Archivio/Data.java</file>
        </group>
    </open-files>
</project-private>
